,Name,Description,Genre,Rating,Trailer,Age,Casts
0,Nhà tù Shawshank,"The Shawshank Redemption is a movie starring Tim Robbins, Morgan Freeman, and Bob Gunton. Two imprisoned men bond over a number of years, finding solace and eventual redemption through acts of common decency.",Drama,9.2,https://www.imdb.com/video/imdb/vi3877612057,R,"Tim Robbins,Morgan Freeman,Bob Gunton,William Sadler,Clancy Brown,Gil Bellows,Mark Rolston,James Whitmore,Jeffrey DeMunn,Larry Brandenburg,Neil Giuntoli,Brian Libby,David Proval,Joseph Ragno,Jude Ciccolella"
1,Bố Già,"The Godfather is a movie starring Marlon Brando, Al Pacino, and James Caan. The aging patriarch of an organized crime dynasty transfers control of his clandestine empire to his reluctant son.","Crime,Drama",9.1,https://www.imdb.com/video/imdb/vi1348706585,R,"Marlon Brando,Al Pacino,James Caan,Richard S. Castellano,Robert Duvall,Sterling Hayden,John Marley,Richard Conte,Al Lettieri,Diane Keaton,Abe Vigoda,Talia Shire,Gianni Russo,John Cazale,Rudy Bond"
2,Bố Già Phần II,"The Godfather: Part II is a movie starring Al Pacino, Robert De Niro, and Robert Duvall. The early life and career of Vito Corleone in 1920s New York City is portrayed, while his son, Michael, expands and tightens his grip on the...","Crime,Drama",9.0,https://www.imdb.com/video/imdb/vi696162841,R,"Al Pacino,Robert Duvall,Diane Keaton,Robert De Niro,John Cazale,Talia Shire,Lee Strasberg,Michael V. Gazzo,G.D. Spradlin,Richard Bright,Gastone Moschin,Tom Rosqui,Bruno Kirby,Frank Sivero,Francesca De Sapio"
3,Kỵ Sĩ Bóng Đêm,"The Dark Knight is a movie starring Christian Bale, Heath Ledger, and Aaron Eckhart. When the menace known as the Joker wreaks havoc and chaos on the people of Gotham, Batman must accept one of the greatest psychological and...","Action,Crime,Drama,Thriller",9.0,https://www.imdb.com/video/imdb/vi324468761,PG-13,"Christian Bale,Heath Ledger,Aaron Eckhart,Michael Caine,Maggie Gyllenhaal,Gary Oldman,Morgan Freeman,Monique Gabriela Curnen,Ron Dean,Cillian Murphy,Chin Han,Nestor Carbonell,Eric Roberts,Ritchie Coster,Anthony Michael Hall"
4,12 Angry Men,"12 Angry Men is a movie starring Henry Fonda, Lee J. Cobb, and Martin Balsam. A jury holdout attempts to prevent a miscarriage of justice by forcing his colleagues to reconsider the evidence.","Crime,Drama",8.9,https://www.imdb.com/video/imdb/vi3452609817,Approved,"Martin Balsam,John Fiedler,Lee J. Cobb,E.G. Marshall,Jack Klugman,Edward Binns,Jack Warden,Henry Fonda,Joseph Sweeney,Ed Begley,George Voskovec,Robert Webber"
5,Bản Danh Sách Của Schindler,"Schindler's List is a movie starring Liam Neeson, Ralph Fiennes, and Ben Kingsley. In German-occupied Poland during World War II, industrialist Oskar Schindler gradually becomes concerned for his Jewish workforce after witnessing...","Biography,Drama,History",8.9,https://www.imdb.com/video/imdb/vi1158527769,R,"Liam Neeson,Ben Kingsley,Ralph Fiennes,Caroline Goodall,Jonathan Sagall,Embeth Davidtz,Malgorzata Gebel,Shmuel Levy,Mark Ivanir,Béatrice Macola,Andrzej Seweryn,Friedrich von Thun,Krzysztof Luft,Harry Nehring,Norbert Weisser"
6,The Lord of the Rings: The Return of the King,"The Lord of the Rings: The Return of the King is a movie starring Elijah Wood, Viggo Mortensen, and Ian McKellen. Gandalf and Aragorn lead the World of Men against Sauron's army to draw his gaze from Frodo and Sam as they approach...","Action,Adventure,Drama,Fantasy",8.9,https://www.imdb.com/video/imdb/vi2073101337,PG-13,"Noel Appleby,Ali Astin,Sean Astin,David Aston,John Bach,Sean Bean,Cate Blanchett,Orlando Bloom,Billy Boyd,Sadwyn Brophy,Alistair Browning,Marton Csokas,Richard Edge,Jason Fitch,Bernard Hill"
7,Pulp Fiction,"Pulp Fiction is a movie starring John Travolta, Uma Thurman, and Samuel L. Jackson. The lives of two mob hitmen, a boxer, a gangster and his wife, and a pair of diner bandits intertwine in four tales of violence and redemption.","Crime,Drama",8.8,https://www.imdb.com/video/imdb/vi2620371481,R,"Tim Roth,Amanda Plummer,Laura Lovelace,John Travolta,Samuel L. Jackson,Phil LaMarr,Frank Whaley,Burr Steers,Bruce Willis,Ving Rhames,Paul Calderon,Bronagh Gallagher,Rosanna Arquette,Eric Stoltz,Uma Thurman"
8,"Thien, Ac, Ta","Il buono, il brutto, il cattivo is a movie starring Clint Eastwood, Eli Wallach, and Lee Van Cleef. A bounty hunting scam joins two men in an uneasy alliance against a third in a race to find a fortune in gold buried in a remote...",Western,8.8,https://www.imdb.com/video/imdb/vi3416964889,R,"Eli Wallach,Clint Eastwood,Lee Van Cleef,Aldo Giuffrè,Luigi Pistilli,Rada Rassimov,Enzo Petito,Claudio Scarchilli,John Bartha,Livio Lorenzon,Antonio Casale,Sandro Scarchilli,Benito Stefanelli,Angelo Novi,Antonio Casas"
9,The Lord of the Rings: The Fellowship of the Ring,"The Lord of the Rings: The Fellowship of the Ring is a movie starring Elijah Wood, Ian McKellen, and Orlando Bloom. A meek Hobbit from the Shire and eight companions set out on a journey to destroy the powerful One Ring and save...","Action,Adventure,Drama,Fantasy",8.8,https://www.imdb.com/video/imdb/vi2073101337,PG-13,"Alan Howard,Noel Appleby,Sean Astin,Sala Baker,Sean Bean,Cate Blanchett,Orlando Bloom,Billy Boyd,Marton Csokas,Megan Edwards,Michael Elsworth,Mark Ferguson,Ian Holm,Christopher Lee,Lawrence Makoare"
10,Fight Club,"Fight Club is a movie starring Brad Pitt, Edward Norton, and Meat Loaf. An insomniac office worker and a devil-may-care soapmaker form an underground fight club that evolves into something much, much more.",Drama,8.8,https://www.imdb.com/video/imdb/vi781228825,R,"Edward Norton,Brad Pitt,Meat Loaf,Zach Grenier,Richmond Arquette,David Andrews,George Maguire,Eugenie Bondurant,Helena Bonham Carter,Christina Cabot,Sydney 'Big Dawg' Colston,Rachel Singer,Christie Cronenweth,Tim DeZarn,Ezra Buzzington"
11,Forrest Gump,"Forrest Gump is a movie starring Tom Hanks, Robin Wright, and Gary Sinise. The presidencies of Kennedy and Johnson, the events of Vietnam, Watergate and other historical events unfold through the perspective of an Alabama man with...","Drama,Romance",8.8,https://www.imdb.com/video/imdb/vi3567517977,PG-13,"Tom Hanks,Rebecca Williams,Sally Field,Michael Conner Humphreys,Harold G. Herthum,George Kelly,Bob Penny,John Randall,Sam Anderson,Margo Moorer,Ione M. Telech,Christine Seabrook,John Worsham,Peter Dobson,Siobhan Fallon Hogan"
12,Kẻ Đánh Cắp Giấc Mơ,"Inception is a movie starring Leonardo DiCaprio, Joseph Gordon-Levitt, and Elliot Page. A thief who steals corporate secrets through the use of dream-sharing technology is given the inverse task of planting an idea into the mind of...","Action,Adventure,Sci-Fi,Thriller",8.7,https://www.imdb.com/video/imdb/vi2959588889,PG-13,"Leonardo DiCaprio,Joseph Gordon-Levitt,Elliot Page,Tom Hardy,Ken Watanabe,Dileep Rao,Cillian Murphy,Tom Berenger,Marion Cotillard,Pete Postlethwaite,Michael Caine,Lukas Haas,Tai-Li Lee,Claire Geare,Magnus Nolan"
13,Chúa Tể Những Chiếc Nhẫn: Hai Tòa Tháp,"The Lord of the Rings: The Two Towers is a movie starring Elijah Wood, Ian McKellen, and Viggo Mortensen. While Frodo and Sam edge closer to Mordor with the help of the shifty Gollum, the divided fellowship makes a stand against...","Action,Adventure,Drama,Fantasy",8.7,https://www.imdb.com/video/imdb/vi2073101337,PG-13,"Bruce Allpress,Sean Astin,John Bach,Sala Baker,Cate Blanchett,Orlando Bloom,Billy Boyd,Jed Brophy,Sam Comery,Brad Dourif,Calum Gittins,Bernard Hill,Bruce Hopkins,Paris Howe Strewe,Christopher Lee"
14,Star Wars: Episode V - The Empire Strikes Back,"Star Wars: Episode V - The Empire Strikes Back is a movie starring Mark Hamill, Harrison Ford, and Carrie Fisher. After the Rebels are brutally overpowered by the Empire on the ice planet Hoth, Luke Skywalker begins Jedi training...","Action,Adventure,Fantasy,Sci-Fi",8.7,https://www.imdb.com/video/imdb/vi221753881,PG,"Mark Hamill,Harrison Ford,Carrie Fisher,Billy Dee Williams,Anthony Daniels,David Prowse,Peter Mayhew,Kenny Baker,Frank Oz,Alec Guinness,Jeremy Bulloch,John Hollis,Jack Purvis,Des Webb,Clive Revill"
15,Ma Trận,"The Matrix is a movie starring Keanu Reeves, Laurence Fishburne, and Carrie-Anne Moss. When a beautiful stranger leads computer hacker Neo to a forbidding underworld, he discovers the shocking truth--the life he knows is the...","Action,Sci-Fi",8.6,https://www.imdb.com/video/imdb/vi1032782617,R,"Keanu Reeves,Laurence Fishburne,Carrie-Anne Moss,Hugo Weaving,Gloria Foster,Joe Pantoliano,Marcus Chong,Julian Arahanga,Matt Doran,Belinda McClory,Anthony Ray Parker,Paul Goddard,Robert Taylor,David Aston,Marc Aden Gray"
16,Goodfellas,"Goodfellas is a movie starring Robert De Niro, Ray Liotta, and Joe Pesci. The story of Henry Hill and his life in the mob, covering his relationship with his wife Karen Hill and his mob partners Jimmy Conway and Tommy DeVito in the...","Biography,Crime,Drama",8.6,https://www.imdb.com/video/imdb/vi2673654553,R,"Robert De Niro,Ray Liotta,Joe Pesci,Lorraine Bracco,Paul Sorvino,Frank Sivero,Tony Darrow,Mike Starr,Frank Vincent,Chuck Low,Frank DiLeo,Henny Youngman,Gina Mastrogiacomo,Catherine Scorsese,Charles Scorsese"
17,Bay Trên Tổ Chim Cúc Cu,"One Flew Over the Cuckoo's Nest is a movie starring Jack Nicholson, Louise Fletcher, and Michael Berryman. A criminal pleads insanity and is admitted to a mental institution, where he rebels against the oppressive nurse and rallies...",Drama,8.6,https://www.imdb.com/video/imdb/vi3943282969,R,"Michael Berryman,Peter Brocco,Dean R. Brooks,Alonzo Brown,Scatman Crothers,Mwako Cumbuka,Danny DeVito,William Duell,Josip Elic,Lan Fendors,Louise Fletcher,Nathan George,Ken Kenny,Mel Lambert,Sydney Lassick"
18,Shichinin no samurai,"Shichinin no samurai is a movie starring Toshirô Mifune, Takashi Shimura, and Keiko Tsushima. A poor village under attack by bandits recruits seven unemployed samurai to help them defend themselves.","Action,Adventure,Drama",8.6,,Not Rated,"Toshirô Mifune,Takashi Shimura,Keiko Tsushima,Yukiko Shimazaki,Kamatari Fujiwara,Daisuke Katô,Isao Kimura,Minoru Chiaki,Seiji Miyaguchi,Yoshio Kosugi,Bokuzen Hidari,Yoshio Inaba,Yoshio Tsuchiya,Kokuten Kôdô,Eijirô Tôno"
19,Se7en,"Se7en is a movie starring Morgan Freeman, Brad Pitt, and Kevin Spacey. Two detectives, a rookie and a veteran, hunt a serial killer who uses the seven deadly sins as his motives.","Crime,Drama,Mystery,Thriller",8.6,https://www.imdb.com/video/imdb/vi2508831257,R,"Morgan Freeman,Andrew Kevin Walker,Daniel Zacapa,Brad Pitt,Gwyneth Paltrow,John Cassini,Bob Mack,Peter Crombie,Reg E. Cathey,R. Lee Ermey,George Christy,Endre Hules,Hawthorne James,William Davidson,Bob Collins"
20,La vita è bella,"La vita è bella is a movie starring Roberto Benigni, Nicoletta Braschi, and Giorgio Cantarini. When an open-minded Jewish librarian and his son become victims of the Holocaust, he uses a perfect mixture of will, humor, and...","Comedy,Drama,Romance,War",8.6,https://www.imdb.com/video/imdb/vi2332801561,PG-13,"Roberto Benigni,Nicoletta Braschi,Giorgio Cantarini,Giustino Durano,Sergio Bini Bustric,Marisa Paredes,Horst Buchholz,Lidia Alfonsi,Giuliana Lojodice,Amerigo Fontani,Pietro De Silva,Francesco Guzzo,Raffaella Lebboroni,Claudio Alfonsi,Gil Baroni"
21,Cidade de Deus,"Cidade de Deus is a movie starring Alexandre Rodrigues, Leandro Firmino, and Matheus Nachtergaele. In the slums of Rio, two kids' paths diverge as one struggles to become a photographer and the other a kingpin.","Crime,Drama",8.6,https://www.imdb.com/video/imdb/vi1783208985,R,"Alexandre Rodrigues,Leandro Firmino,Phellipe Haagensen,Douglas Silva,Jonathan Haagensen,Matheus Nachtergaele,Seu Jorge,Jefechander Suplino,Alice Braga,Emerson Gomes,Edson Oliveira,Michel Gomes,Roberta Rodrigues,Luis Otávio,Kiko Marques"
22,Sự Im Lặng Của Bầy Cừu,"The Silence of the Lambs is a movie starring Jodie Foster, Anthony Hopkins, and Lawrence A. Bonney. A young F.B.I. cadet must receive the help of an incarcerated and manipulative cannibal killer to help catch another serial killer,...","Crime,Drama,Thriller",8.6,https://www.imdb.com/video/imdb/vi3377380121,R,"Jodie Foster,Lawrence A. Bonney,Kasi Lemmons,Lawrence T. Wrentz,Scott Glenn,Anthony Heald,Frankie Faison,Don Brockett,Frank Seals Jr.,Stuart Rudin,Anthony Hopkins,Maria Skorobogatov,Jeffrie Lane,Leib Lensky,George 'Red' Schwartz"
23,It's a Wonderful Life,"It's a Wonderful Life is a movie starring James Stewart, Donna Reed, and Lionel Barrymore. An angel is sent from Heaven to help a desperately frustrated businessman by showing him what life would have been like if he had never...","Drama,Family,Fantasy",8.6,https://www.imdb.com/video/imdb/vi1101988121,PG,"James Stewart,Donna Reed,Lionel Barrymore,Thomas Mitchell,Henry Travers,Beulah Bondi,Frank Faylen,Ward Bond,Gloria Grahame,H.B. Warner,Frank Albertson,Todd Karns,Samuel S. Hinds,Mary Treen,Virginia Patton"
24,Star Wars: Niềm Hi Vọng Mới,"Star Wars is a movie starring Mark Hamill, Harrison Ford, and Carrie Fisher. Luke Skywalker joins forces with a Jedi Knight, a cocky pilot, a Wookiee and two droids to save the galaxy from the Empire's world-destroying battle...","Action,Adventure,Fantasy,Sci-Fi",8.6,https://www.imdb.com/video/imdb/vi1317709849,PG,"Mark Hamill,Harrison Ford,Carrie Fisher,Peter Cushing,Alec Guinness,Anthony Daniels,Kenny Baker,Peter Mayhew,David Prowse,Phil Brown,Shelagh Fraser,Jack Purvis,Alex McCrindle,Eddie Byrne,Drewe Henley"
25,Giải Cứu Binh Nhì Ryan,"Saving Private Ryan is a movie starring Tom Hanks, Matt Damon, and Tom Sizemore. Following the Normandy Landings, a group of U.S. soldiers go behind enemy lines to retrieve a paratrooper whose brothers have been killed in action.","Drama,War",8.5,https://www.imdb.com/video/imdb/vi1701906201,R,"Tom Hanks,Tom Sizemore,Edward Burns,Barry Pepper,Adam Goldberg,Vin Diesel,Giovanni Ribisi,Jeremy Davies,Matt Damon,Ted Danson,Paul Giamatti,Dennis Farina,Joerg Stadler,Max Martini,Dylan Bruno"
26,Vùng Đất Linh Hồn,"Sen to Chihiro no kamikakushi is a movie starring Daveigh Chase, Suzanne Pleshette, and Miyu Irino. During her family's move to the suburbs, a sullen 10-year-old girl wanders into a world ruled by gods, witches, and spirits, and...","Animation,Adventure,Family,Fantasy,Mystery",8.5,https://www.imdb.com/video/imdb/vi3619684633,PG,"Rumi Hiiragi,Miyu Irino,Mari Natsuki,Takashi Naitô,Yasuko Sawaguchi,Tatsuya Gashûin,Ryûnosuke Kamiki,Yumi Tamai,Yô Ôizumi,Koba Hayashi,Tsunehiko Kamijô,Takehiko Ono,Bunta Sugawara,Shigeru Wakita,Shirô Saitô"
27,The Green Mile,"The Green Mile is a movie starring Tom Hanks, Michael Clarke Duncan, and David Morse. The lives of guards on Death Row are affected by one of their charges: a black man accused of child murder and rape, yet who has a mysterious gift.","Crime,Drama,Fantasy,Mystery",8.5,https://www.imdb.com/video/imdb/vi552796441,R,"Tom Hanks,David Morse,Bonnie Hunt,Michael Clarke Duncan,James Cromwell,Michael Jeter,Graham Greene,Doug Hutchison,Sam Rockwell,Barry Pepper,Jeffrey DeMunn,Patricia Clarkson,Harry Dean Stanton,Dabbs Greer,Eve Brent"
28,Hố Đen Tử Thần,"Interstellar is a movie starring Matthew McConaughey, Anne Hathaway, and Jessica Chastain. A team of explorers travel through a wormhole in space in an attempt to ensure humanity's survival.","Adventure,Drama,Sci-Fi",8.5,https://www.imdb.com/video/imdb/vi1586278169,PG-13,"Ellen Burstyn,Matthew McConaughey,Mackenzie Foy,John Lithgow,Timothée Chalamet,David Oyelowo,Collette Wolfe,Francis X. McCarthy,Bill Irwin,Anne Hathaway,Andrew Borba,Wes Bentley,William Devane,Michael Caine,David Gyasi"
29,Ký Sinh Trùng,"Gisaengchung is a movie starring Song Kang-Ho, Lee Sun-kyun, and Cho Yeo-jeong. Greed and class discrimination threaten the newly formed symbiotic relationship between the wealthy Park family and the destitute Kim clan.","Comedy,Drama,Thriller",8.5,https://www.imdb.com/video/imdb/vi1015463705,R,"Song Kang-Ho,Lee Sun-kyun,Cho Yeo-jeong,Choi Woo-sik,Park So-dam,Lee Jeong-eun,Jang Hye-Jin,Myeong-hoon Park,Ji-so Jung,Jung Hyun-jun,Park Keun-rok,Jeong Esuz,Jo Jae-Myeong,Jung Ik-han,Kyu-Baek Kim"
30,Léon,"Léon is a movie starring Jean Reno, Gary Oldman, and Natalie Portman. Mathilda, a 12-year-old girl, is reluctantly taken in by Léon, a professional assassin, after her family is murdered. An unusual relationship forms as she becomes...","Action,Crime,Drama,Thriller",8.5,https://www.imdb.com/video/imdb/vi2744254745,R,"Jean Reno,Gary Oldman,Natalie Portman,Danny Aiello,Peter Appel,Willi One Blood,Don Creech,Keith A. Glascoe,Randolph Scott,Michael Badalucco,Ellen Greene,Elizabeth Regen,Carl J. Matusovich,Frank Senger,Lucius Wyatt Cherokee"
31,Kẻ Chủ Mưu,"The Usual Suspects is a movie starring Kevin Spacey, Gabriel Byrne, and Chazz Palminteri. A sole survivor tells of the twisty events leading up to a horrific gun battle on a boat, which began when five criminals met at a seemingly...","Crime,Mystery,Thriller",8.5,https://www.imdb.com/video/imdb/vi2717188377,R,"Stephen Baldwin,Gabriel Byrne,Benicio Del Toro,Kevin Pollak,Kevin Spacey,Chazz Palminteri,Pete Postlethwaite,Suzy Amis,Giancarlo Esposito,Dan Hedaya,Paul Bartel,Carl Bressler,Phillipe Simon,Jack Shearer,Christine Estabrook"
32,Seppuku,"Seppuku is a movie starring Tatsuya Nakadai, Akira Ishihama, and Shima Iwashita. When a ronin requesting seppuku at a feudal lord's palace is told of the brutal suicide of another ronin who previously visited, he reveals how their...","Action,Drama,Mystery",8.5,,Not Rated,"Tatsuya Nakadai,Akira Ishihama,Shima Iwashita,Tetsurô Tanba,Masao Mishima,Ichirô Nakatani,Kei Satô,Yoshio Inaba,Hisashi Igawa,Tôru Takeuchi,Yoshirô Aoki,Tatsuo Matsumura,Akiji Kobayashi,Kôichi Hayashi,Ryûtarô Gomi"
33,Vua Sư Tử,"The Lion King is a movie starring Matthew Broderick, Jeremy Irons, and James Earl Jones. Lion prince Simba and his father are targeted by his bitter uncle, who wants to ascend the throne himself.","Animation,Adventure,Drama,Family,Musical",8.5,https://www.imdb.com/video/imdb/vi3764362265,G,"Rowan Atkinson,Matthew Broderick,Niketa Calame-Harris,Jim Cummings,Whoopi Goldberg,Robert Guillaume,Jeremy Irons,James Earl Jones,Moira Kelly,Nathan Lane,Zoe Leader,Cheech Marin,Ernie Sabella,Madge Sinclair,Jonathan Taylor Thomas"
34,Nghệ Sĩ Dương Cầm,"The Pianist is a movie starring Adrien Brody, Thomas Kretschmann, and Frank Finlay. A Polish Jewish musician struggles to survive the destruction of the Warsaw ghetto of World War II.","Biography,Drama,Music,War",8.5,https://www.imdb.com/video/imdb/vi988938521,R,"Adrien Brody,Emilia Fox,Michal Zebrowski,Ed Stoppard,Maureen Lipman,Frank Finlay,Jessica Kate Meyer,Julia Rayner,Wanja Mues,Richard Ridings,Nomi Sharron,Anthony Milner,Lucy Skeaping,Roddy Skeaping,Ben Harlan"
35,Trở Lại Tương Lai,"Back to the Future is a movie starring Michael J. Fox, Christopher Lloyd, and Lea Thompson. Marty McFly, a 17-year-old high school student, is accidentally sent thirty years into the past in a time-traveling DeLorean invented by his...","Adventure,Comedy,Sci-Fi",8.5,https://www.imdb.com/video/imdb/vi252380953,PG,"Michael J. Fox,Christopher Lloyd,Lea Thompson,Crispin Glover,Thomas F. Wilson,Claudia Wells,Marc McClure,Wendie Jo Sperber,George DiCenzo,Frances Lee McCain,James Tolkan,J.J. Cohen,Casey Siemaszko,Billy Zane,Harry Waters Jr."
36,Kẻ Hủy Diệt 2: Ngày Phán Xét,"Terminator 2: Judgment Day is a movie starring Arnold Schwarzenegger, Linda Hamilton, and Edward Furlong. A cyborg, identical to the one who failed to kill Sarah Connor, must now protect her teenage son, John Connor, from a more...","Action,Sci-Fi",8.5,https://www.imdb.com/video/imdb/vi2748889369,R,"Arnold Schwarzenegger,Linda Hamilton,Edward Furlong,Robert Patrick,Earl Boen,Joe Morton,S. Epatha Merkerson,Castulo Guerra,Danny Cooksey,Jenette Goldstein,Xander Berkeley,Leslie Hamilton Gearren,Ken Gibbel,Robert Winley,Peter Schrum"
37,American History X,"American History X is a movie starring Edward Norton, Edward Furlong, and Beverly D'Angelo. A former neo-nazi skinhead tries to prevent his younger brother from going down the same wrong path that he did.",Drama,8.5,https://www.imdb.com/video/imdb/vi854001177,R,"Edward Norton,Edward Furlong,Beverly D'Angelo,Jennifer Lien,Ethan Suplee,Fairuza Balk,Avery Brooks,Elliott Gould,Stacy Keach,William Russ,Guy Torry,Joe Cortese,Jason Bose Smith,Antonio David Lyons,Alex Sol"
38,Modern Times,"Modern Times is a movie starring Charles Chaplin, Paulette Goddard, and Henry Bergman. The Tramp struggles to live in modern industrial society with the help of a young homeless woman.","Comedy,Drama,Family,Romance",8.5,,G,"Charles Chaplin,Paulette Goddard,Henry Bergman,Tiny Sandford,Chester Conklin,Hank Mann,Stanley Blystone,Al Ernest Garcia,Richard Alexander,Cecil Reynolds,Mira McKinney,Murdock MacQuarrie,Wilfred Lucas,Edward LeSaint,Fred Malatesta"
39,Psycho,"Psycho is a movie starring Anthony Perkins, Janet Leigh, and Vera Miles. A Phoenix secretary embezzles $40,000 from her employer's client, goes on the run, and checks into a remote motel run by a young man under the domination of...","Horror,Mystery,Thriller",8.5,https://www.imdb.com/video/imdb/vi607099161,R,"Anthony Perkins,Vera Miles,John Gavin,Janet Leigh,Martin Balsam,John McIntire,Simon Oakland,Frank Albertson,Patricia Hitchcock,Vaughn Taylor,Lurene Tuttle,John Anderson,Mort Mills"
40,Gladiator,"Gladiator is a movie starring Russell Crowe, Joaquin Phoenix, and Connie Nielsen. A former Roman General sets out to exact vengeance against the corrupt emperor who murdered his family and sent him into slavery.","Action,Adventure,Drama",8.5,https://www.imdb.com/video/imdb/vi2628367897,R,"Russell Crowe,Joaquin Phoenix,Connie Nielsen,Oliver Reed,Richard Harris,Derek Jacobi,Djimon Hounsou,David Schofield,John Shrapnel,Tomas Arana,Ralf Moeller,Spencer Treat Clark,David Hemmings,Tommy Flanagan,Sven-Ole Thorsen"
41,Ánh Sáng Đô Thị,"City Lights is a movie starring Charles Chaplin, Virginia Cherrill, and Florence Lee. With the aid of a wealthy erratic tippler, a dewy-eyed tramp who has fallen in love with a sightless flower girl accumulates money to be able to...","Comedy,Drama,Romance",8.5,,G,"Virginia Cherrill,Florence Lee,Harry Myers,Al Ernest Garcia,Hank Mann,Charles Chaplin"
42,Điệp Vụ Boston,"The Departed is a movie starring Leonardo DiCaprio, Matt Damon, and Jack Nicholson. An undercover cop and a mole in the police attempt to identify each other while infiltrating an Irish gang in South Boston.","Crime,Drama,Thriller",8.5,https://www.imdb.com/video/imdb/vi2760573209,R,"Leonardo DiCaprio,Matt Damon,Jack Nicholson,Mark Wahlberg,Martin Sheen,Ray Winstone,Vera Farmiga,Anthony Anderson,Alec Baldwin,Kevin Corrigan,James Badge Dale,David O'Hara,Mark Rolston,Robert Wahlberg,Kristen Dalton"
43,The Intouchables,"Intouchables is a movie starring François Cluzet, Omar Sy, and Anne Le Ny. After he becomes a quadriplegic from a paragliding accident, an aristocrat hires a young man from the projects to be his caregiver.","Biography,Comedy,Drama",8.5,https://www.imdb.com/video/imdb/vi59285529,R,"François Cluzet,Omar Sy,Anne Le Ny,Audrey Fleurot,Joséphine de Meaux,Clotilde Mollet,Alba Gaïa Bellugi,Cyril Mendy,Salimata Kamate,Absa Diatou Toure,Grégoire Oestermann,Dominique Daguier,François Caron,Christian Ameri,Thomas Solivérès"
44,Whiplash,"Whiplash is a movie starring Miles Teller, J.K. Simmons, and Melissa Benoist. A promising young drummer enrolls at a cut-throat music conservatory where his dreams of greatness are mentored by an instructor who will stop at nothing...","Drama,Music",8.5,https://www.imdb.com/video/imdb/vi4006456345,R,"Miles Teller,J.K. Simmons,Paul Reiser,Melissa Benoist,Austin Stowell,Nate Lang,Chris Mulkey,Damon Gupton,Suanne Spoke,Max Kasch,Charlie Ian,Jayson Blair,Kofi Siriboe,Kavita Patil,C.J. Vana"
45,Ảo Thuật Gia Đấu Trí,"The Prestige is a movie starring Christian Bale, Hugh Jackman, and Scarlett Johansson. After a tragic accident, two stage magicians engage in a battle to create the ultimate illusion while sacrificing everything they have to outwit...","Drama,Mystery,Sci-Fi,Thriller",8.5,https://www.imdb.com/video/imdb/vi2885334553,PG-13,"Hugh Jackman,Christian Bale,Michael Caine,Piper Perabo,Rebecca Hall,Scarlett Johansson,Samantha Mahurin,David Bowie,Andy Serkis,Daniel Davis,Jim Piddock,Christopher Neame,Mark Ryan,Roger Rees,Jamie Harris"
46,Mộ Đom Đóm,"Hotaru no haka is a movie starring Tsutomu Tatsumi, Ayano Shiraishi, and Akemi Yamaguchi. A young boy and his little sister struggle to survive in Japan during World War II.","Animation,Drama,War",8.5,https://www.imdb.com/video/imdb/vi1377679385,Not Rated,"Tsutomu Tatsumi,Ayano Shiraishi,Yoshiko Shinohara,Akemi Yamaguchi,Tadashi Nakamura,Marcy Bannor,Shelley Calene-Black,Luci Christian,Shannon Conley,Justin Doran,Crispin Freeman,Adam Gibbs,Dan Green,Amy Jones,Susan O. Koozin"
47,Once Upon a Time in the West,"C'era una volta il West is a movie starring Henry Fonda, Charles Bronson, and Claudia Cardinale. A mysterious stranger with a harmonica joins forces with a notorious desperado to protect a beautiful widow from a ruthless assassin...",Western,8.4,https://www.imdb.com/video/imdb/vi239075865,PG-13,"Claudia Cardinale,Henry Fonda,Jason Robards,Charles Bronson,Gabriele Ferzetti,Paolo Stoppa,Woody Strode,Jack Elam,Keenan Wynn,Frank Wolff,Lionel Stander"
48,Hamilton,"Hamilton is a movie starring Lin-Manuel Miranda, Phillipa Soo, and Leslie Odom Jr.. The real life of one of America's foremost founding fathers and first Secretary of the Treasury, Alexander Hamilton. Captured live on Broadway from...","Biography,Drama,History,Musical",8.4,https://www.imdb.com/video/imdb/vi3591880217,PG-13,"Daveed Diggs,Renée Elise Goldsberry,Jonathan Groff,Chris Jackson,Jasmine Cephas Jones,Lin-Manuel Miranda,Leslie Odom Jr.,Okieriete Onaodowan,Anthony Ramos,Phillipa Soo,Carleigh Bettiol,Ariana DeBose,Hope Easterbrook,Sydney James Harcourt,Sasha Hutchings"
49,Casablanca,"Casablanca is a movie starring Humphrey Bogart, Ingrid Bergman, and Paul Henreid. A cynical American expatriate struggles to decide whether or not he should help his former lover and her fugitive husband escape French Morocco.","Drama,Romance,War",8.4,https://www.imdb.com/video/imdb/vi6095897,PG,"Humphrey Bogart,Ingrid Bergman,Paul Henreid,Claude Rains,Conrad Veidt,Sydney Greenstreet,Peter Lorre,S.Z. Sakall,Madeleine Lebeau,Dooley Wilson,Joy Page,John Qualen,Leonid Kinskey,Curt Bois"
50,Nuovo Cinema Paradiso,"Nuovo Cinema Paradiso is a movie starring Philippe Noiret, Enzo Cannavale, and Antonella Attili. A filmmaker recalls his childhood when falling in love with the pictures at the cinema of his home village and forms a deep friendship...",Drama,8.4,https://www.imdb.com/video/imdb/vi2800655897,R,"Antonella Attili,Enzo Cannavale,Isa Danieli,Leo Gullotta,Marco Leonardi,Pupella Maggio,Agnese Nano,Leopoldo Trieste,Salvatore Cascio,Tano Cimarosa,Nicola Di Pinto,Roberta Lena,Nino Terzo,Jacques Perrin,Philippe Noiret"
51,Rear Window,"Rear Window is a movie starring James Stewart, Grace Kelly, and Wendell Corey. A wheelchair-bound photographer spies on his neighbors from his apartment window and becomes convinced one of them has committed murder.","Mystery,Thriller",8.4,,PG,"James Stewart,Grace Kelly,Wendell Corey,Thelma Ritter,Raymond Burr,Judith Evelyn,Ross Bagdasarian,Georgine Darcy,Sara Berner,Frank Cady,Jesslyn Fax,Rand Harper,Irene Winston,Havis Davenport"
52,Alien,"Alien is a movie starring Sigourney Weaver, Tom Skerritt, and John Hurt. After a space merchant vessel receives an unknown transmission as a distress call, one of the crew is attacked by a mysterious life form and they soon realize...","Horror,Sci-Fi",8.4,https://www.imdb.com/video/imdb/vi1497801241,R,"Tom Skerritt,Sigourney Weaver,Veronica Cartwright,Harry Dean Stanton,John Hurt,Ian Holm,Yaphet Kotto,Bolaji Badejo,Helen Horton"
53,Apocalypse Now,"Apocalypse Now is a movie starring Martin Sheen, Marlon Brando, and Robert Duvall. A U.S. Army officer serving in Vietnam is tasked with assassinating a renegade Special Forces Colonel who sees himself as a god.","Drama,Mystery,War",8.4,https://www.imdb.com/video/imdb/vi3543773721,R,"Marlon Brando,Martin Sheen,Robert Duvall,Frederic Forrest,Sam Bottoms,Laurence Fishburne,Albert Hall,Harrison Ford,Dennis Hopper,G.D. Spradlin,Jerry Ziesmer,Scott Glenn,Bo Byers,James Keane,Kerry Rossall"
54,Memento,"Memento is a movie starring Guy Pearce, Carrie-Anne Moss, and Joe Pantoliano. A man with short-term memory loss attempts to track down his wife's murderer.","Mystery,Thriller",8.4,https://www.imdb.com/video/imdb/vi3220356889,R,"Guy Pearce,Carrie-Anne Moss,Joe Pantoliano,Mark Boone Junior,Russ Fega,Jorja Fox,Stephen Tobolowsky,Harriet Sansom Harris,Thomas Lennon,Callum Keith Rennie,Kimberly Campbell,Marianne Muellerleile,Larry Holden"
55,The Great Dictator,"The Great Dictator is a movie starring Charles Chaplin, Paulette Goddard, and Jack Oakie. Dictator Adenoid Hynkel tries to expand his empire while a poor Jewish barber tries to avoid persecution from Hynkel's regime.","Comedy,Drama,War",8.4,https://www.imdb.com/video/imdb/vi3851590681,Passed,"Charles Chaplin,Jack Oakie,Reginald Gardiner,Henry Daniell,Billy Gilbert,Grace Hayle,Carter DeHaven,Paulette Goddard,Maurice Moscovitch,Emma Dunn,Bernard Gorcey,Paul Weigel,Chester Conklin,Esther Michelson,Hank Mann"
56,Indiana Jones Va Chiec Ruong Thanh Tich,"Raiders of the Lost Ark is a movie starring Harrison Ford, Karen Allen, and Paul Freeman. In 1936, archaeologist and adventurer Indiana Jones is hired by the U.S. government to find the Ark of the Covenant before Adolf Hitler's...","Action,Adventure",8.4,https://www.imdb.com/video/imdb/vi3747396377,PG,"Harrison Ford,Karen Allen,Paul Freeman,Ronald Lacey,John Rhys-Davies,Denholm Elliott,Alfred Molina,Wolf Kahler,Anthony Higgins,Vic Tablian,Don Fellows,William Hootkins,Bill Reimbold,Fred Sorenson,Patrick Durkin"
57,Hành Trình Django,"Django Unchained is a movie starring Jamie Foxx, Christoph Waltz, and Leonardo DiCaprio. With the help of a German bounty hunter, a freed slave sets out to rescue his wife from a brutal Mississippi plantation owner.","Drama,Western",8.4,https://www.imdb.com/video/imdb/vi2291574553,R,"Jamie Foxx,Christoph Waltz,Leonardo DiCaprio,Kerry Washington,Samuel L. Jackson,Walton Goggins,Dennis Christopher,James Remar,David Steen,Dana Gourrier,Nichole Galicia,Laura Cayouette,Ato Essandoh,Sammi Rotibi,Clay Donahue Fontenot"
58,The Lives of Others,"Das Leben der Anderen is a movie starring Ulrich Mühe, Martina Gedeck, and Sebastian Koch. In 1984 East Berlin, an agent of the secret police, conducting surveillance on a writer and his lover, finds himself becoming increasingly...","Drama,Mystery,Thriller",8.4,,R,"Martina Gedeck,Ulrich Mühe,Sebastian Koch,Ulrich Tukur,Thomas Thieme,Hans-Uwe Bauer,Volkmar Kleinert,Matthias Brenner,Charly Hübner,Herbert Knaup,Bastian Trost,Marie Gruber,Volker Michalowski,Werner Daehn,Martin Brambach"
59,Joker,"Joker is a movie starring Joaquin Phoenix, Robert De Niro, and Zazie Beetz. In Gotham City, mentally troubled comedian Arthur Fleck is disregarded and mistreated by society. He then embarks on a downward spiral of revolution and...","Crime,Drama,Thriller",8.4,https://www.imdb.com/video/imdb/vi1723318041,R,"Joaquin Phoenix,Robert De Niro,Zazie Beetz,Frances Conroy,Brett Cullen,Shea Whigham,Bill Camp,Glenn Fleshler,Leigh Gill,Josh Pais,Rocco Luna,Marc Maron,Sondra James,Murphy Guyer,Douglas Hodge"
60,Paths of Glory,"Paths of Glory is a movie starring Kirk Douglas, Ralph Meeker, and Adolphe Menjou. After refusing to attack an enemy position, a general accuses the soldiers of cowardice and their commanding officer must defend them.","Drama,War",8.4,https://www.imdb.com/video/imdb/vi763627801,Approved,"Kirk Douglas,Ralph Meeker,Adolphe Menjou,George Macready,Wayne Morris,Richard Anderson,Joe Turkel,Christiane Kubrick,Jerry Hausner,Peter Capell,Emile Meyer,Bert Freed,Kem Dibbs,Timothy Carey,Fred Bell"
61,Rô-bôt biêt yêu,"WALL·E is a movie starring Ben Burtt, Elissa Knight, and Jeff Garlin. In the distant future, a small waste-collecting robot inadvertently embarks on a space journey that will ultimately decide the fate of mankind.","Animation,Adventure,Family,Sci-Fi",8.4,https://www.imdb.com/video/imdb/vi2192703769,G,"Ben Burtt,Elissa Knight,Jeff Garlin,Fred Willard,MacInTalk,John Ratzenberger,Kathy Najimy,Sigourney Weaver,Teddy Newton,Bob Bergen,John Cygan,Pete Docter,Paul Eiding,Donald Fullilove,Teresa Ganzel"
62,The Shining,"The Shining is a movie starring Jack Nicholson, Shelley Duvall, and Danny Lloyd. A family heads to an isolated hotel for the winter where a sinister presence influences the father into violence, while his psychic son sees horrific...","Drama,Horror",8.4,https://www.imdb.com/video/imdb/vi2689121305,R,"Jack Nicholson,Shelley Duvall,Danny Lloyd,Scatman Crothers,Barry Nelson,Philip Stone,Joe Turkel,Anne Jackson,Tony Burton,Lia Beldam,Billie Gibson,Barry Dennen,David Baxt,Manning Redwood,Lisa Burns"
63,Avengers: Cuộc Chiến Vô Cực,"Avengers: Infinity War is a movie starring Robert Downey Jr., Chris Hemsworth, and Mark Ruffalo. The Avengers and their allies must be willing to sacrifice all in an attempt to defeat the powerful Thanos before his blitz of...","Action,Adventure,Sci-Fi",8.4,https://www.imdb.com/video/imdb/vi528070681,PG-13,"Robert Downey Jr.,Chris Hemsworth,Mark Ruffalo,Chris Evans,Scarlett Johansson,Don Cheadle,Benedict Cumberbatch,Tom Holland,Chadwick Boseman,Zoe Saldana,Karen Gillan,Tom Hiddleston,Paul Bettany,Elizabeth Olsen,Anthony Mackie"
64,Sunset Blvd.,"Sunset Blvd. is a movie starring William Holden, Gloria Swanson, and Erich von Stroheim. A screenwriter develops a dangerous relationship with a faded film star determined to make a triumphant return.","Drama,Film-Noir",8.4,https://www.imdb.com/video/imdb/vi2388460569,Passed,"William Holden,Gloria Swanson,Erich von Stroheim,Nancy Olson,Fred Clark,Lloyd Gough,Jack Webb,Franklyn Farnum,Larry J. Blake,Charles Dayton,Cecil B. DeMille,Hedda Hopper,Buster Keaton,Anna Q. Nilsson,H.B. Warner"
65,Witness for the Prosecution,"Witness for the Prosecution is a movie starring Tyrone Power, Marlene Dietrich, and Charles Laughton. A veteran British barrister must defend his client in a murder trial that has surprise after surprise.","Crime,Drama,Mystery,Thriller",8.4,https://www.imdb.com/video/imdb/vi421183001,Approved,"Tyrone Power,Marlene Dietrich,Charles Laughton,Elsa Lanchester,John Williams,Henry Daniell,Ian Wolfe,Torin Thatcher,Norma Varden,Una O'Connor,Francis Compton,Philip Tonge,Ruta Lee"
66,Oldeuboi,"Oldeuboi is a movie starring Choi Min-sik, Yoo Ji-Tae, and Hye-jeong Kang. After being kidnapped and imprisoned for fifteen years, Oh Dae-Su is released, only to find that he must find his captor in five days.","Action,Drama,Mystery,Thriller",8.4,https://www.imdb.com/video/imdb/vi3130917145,R,"Choi Min-sik,Yoo Ji-Tae,Hye-jeong Kang,Kim Byeong-Ok,Dae-han Ji,Dal-su Oh,Seung-shin Lee,Jin-Seo Yoon,Tae-kyung Oh,Yeon-Seok Yoo,Il-han Oo,Young-hee Lee,Young-ae Kim,Mi Mi Lee,Jae-Duk Han"
67,Người Nhện: Vũ Trụ Mới,"Spider-Man: Into the Spider-Verse is a movie starring Shameik Moore, Jake Johnson, and Hailee Steinfeld. Teen Miles Morales becomes the Spider-Man of his universe, and must join with five spider-powered individuals from other...","Animation,Action,Adventure,Family,Sci-Fi",8.4,https://www.imdb.com/video/imdb/vi1489877529,PG,"Shameik Moore,Jake Johnson,Hailee Steinfeld,Mahershala Ali,Brian Tyree Henry,Lily Tomlin,Luna Lauren Velez,Zoë Kravitz,John Mulaney,Kimiko Glenn,Nicolas Cage,Kathryn Hahn,Liev Schreiber,Chris Pine,Natalie Morales"
68,Công Chúa Mononoke,"Mononoke-hime is a movie starring Yôji Matsuda, Yuriko Ishida, and Yûko Tanaka. On a journey to find the cure for a Tatarigami's curse, Ashitaka finds himself in the middle of a war between the forest gods and Tatara, a mining...","Animation,Adventure,Fantasy",8.4,https://www.imdb.com/video/imdb/vi2563293465,PG-13,"Billy Crudup,Billy Bob Thornton,Minnie Driver,John DiMaggio,Claire Danes,John DeMita,Jada Pinkett Smith,Gillian Anderson,Keith David,Corey Burton,Tara Strong,Julia Fletcher,Debi Derryberry,Alex Fernandez,Jack Fletcher"
69,Dr. Strangelove or: How I Learned to Stop Worrying and Love the Bomb,"Dr. Strangelove or: How I Learned to Stop Worrying and Love the Bomb is a movie starring Peter Sellers, George C. Scott, and Sterling Hayden. An insane general triggers a path to nuclear holocaust that a War Room full of politicians...",Comedy,8.3,https://www.imdb.com/video/imdb/vi3726294553,PG,"Peter Sellers,George C. Scott,Sterling Hayden,Keenan Wynn,Slim Pickens,Peter Bull,James Earl Jones,Tracy Reed,Jack Creley,Frank Berry,Robert O'Neil,Glenn Beck,Roy Stephens,Shane Rimmer,Hal Galili"
70,Kỵ Sĩ Bóng Đêm Trỗi Dậy,"The Dark Knight Rises is a movie starring Christian Bale, Tom Hardy, and Anne Hathaway. Eight years after the Joker's reign of anarchy, Batman, with the help of the enigmatic Catwoman, is forced from his exile to save Gotham City...","Action,Adventure",8.3,https://www.imdb.com/video/imdb/vi2376312089,PG-13,"Christian Bale,Gary Oldman,Tom Hardy,Joseph Gordon-Levitt,Anne Hathaway,Marion Cotillard,Morgan Freeman,Michael Caine,Matthew Modine,Alon Aboutboul,Ben Mendelsohn,Burn Gorman,Daniel Sunjata,Aidan Gillen,Sam Kennard"
71,Once Upon a Time in America,"Once Upon a Time in America is a movie starring Robert De Niro, James Woods, and Elizabeth McGovern. A former Prohibition-era Jewish gangster returns to the Lower East Side of Manhattan over thirty years later, where he once again...","Crime,Drama",8.3,https://www.imdb.com/video/imdb/vi2777395225,R,"Robert De Niro,James Woods,Elizabeth McGovern,Treat Williams,Tuesday Weld,Burt Young,Joe Pesci,Danny Aiello,William Forsythe,James Hayden,Darlanne Fluegel,Larry Rapp,Dutch Miller,Robert Harper,Richard Bright"
72,Nhung Nguoi Ngoai Hanh Tinh,"Aliens is a movie starring Sigourney Weaver, Michael Biehn, and Carrie Henn. Fifty-seven years after surviving an apocalyptic attack aboard her space vessel by merciless space creatures, Officer Ripley awakens from hyper-sleep and...","Action,Adventure,Sci-Fi,Thriller",8.3,https://www.imdb.com/video/imdb/vi368744473,R,"Sigourney Weaver,Carrie Henn,Michael Biehn,Paul Reiser,Lance Henriksen,Bill Paxton,William Hope,Jenette Goldstein,Al Matthews,Mark Rolston,Ricco Ross,Colette Hiller,Daniel Kash,Cynthia Dale Scott,Tip Tipping"
73,Tên Cậu Là Gì?,"Kimi no na wa. is a movie starring Ryûnosuke Kamiki, Mone Kamishiraishi, and Ryô Narita. Two strangers find themselves linked in a bizarre way. When a connection forms, will distance be the only thing to keep them apart?","Animation,Drama,Fantasy,Romance",8.3,https://www.imdb.com/video/imdb/vi1705097753,PG,"Ryûnosuke Kamiki,Mone Kamishiraishi,Ryô Narita,Aoi Yûki,Nobunaga Shimazaki,Kaito Ishikawa,Kanon Tani,Masaki Terasoma,Sayaka Ôhara,Kazuhiko Inoue,Chafûrin,Kana Hanazawa,Yuka Terasaki,Takashi Onozuka,Yôhei Namekawa"
74,Avengers: Hồi Kết,"Avengers: Endgame is a movie starring Robert Downey Jr., Chris Evans, and Mark Ruffalo. After the devastating events of Avengers: Infinity War (2018), the universe is in ruins. With the help of remaining allies, the Avengers...","Action,Adventure,Drama,Sci-Fi",8.3,https://www.imdb.com/video/imdb/vi2163260441,PG-13,"Robert Downey Jr.,Chris Evans,Mark Ruffalo,Chris Hemsworth,Scarlett Johansson,Jeremy Renner,Don Cheadle,Paul Rudd,Benedict Cumberbatch,Chadwick Boseman,Brie Larson,Tom Holland,Karen Gillan,Zoe Saldana,Evangeline Lilly"
75,Coco,"Coco is a movie starring Anthony Gonzalez, Gael García Bernal, and Benjamin Bratt. Aspiring musician Miguel, confronted with his family's ancestral ban on music, enters the Land of the Dead to find his great-great-grandfather, a...","Animation,Adventure,Family,Fantasy,Music,Mystery",8.3,https://www.imdb.com/video/imdb/vi4249729305,PG,"Anthony Gonzalez,Gael García Bernal,Benjamin Bratt,Alanna Ubach,Renee Victor,Jaime Camil,Alfonso Arau,Herbert Siguenza,Gabriel Iglesias,Lombardo Boyar,Ana Ofelia Murguía,Natalia Cordova-Buckley,Selene Luna,Edward James Olmos,Sofía Espinosa"
76,Vẻ Đẹp Mỹ,"American Beauty is a movie starring Kevin Spacey, Annette Bening, and Thora Birch. A sexually frustrated suburban father has a mid-life crisis after becoming infatuated with his daughter's best friend.",Drama,8.3,https://www.imdb.com/video/imdb/vi788506137,R,"Kevin Spacey,Annette Bening,Thora Birch,Wes Bentley,Mena Suvari,Peter Gallagher,Allison Janney,Chris Cooper,Scott Bakula,Sam Robards,Barry Del Sherman,Ara Celi,John Cho,Fort Atkinson,Sue Casey"
77,Trái Tim Dũng Cảm,"Braveheart is a movie starring Mel Gibson, Sophie Marceau, and Patrick McGoohan. Scottish warrior William Wallace leads his countrymen in a rebellion to free his homeland from the tyranny of King Edward I of England.","Biography,Drama,History,War",8.3,https://www.imdb.com/video/imdb/vi2874063641,R,"James Robinson,Sean Lawlor,Sandy Nelson,James Cosmo,Sean McGinley,Alan Tall,Andrew Weir,Gerda Stevenson,Ralph Riach,Mhairi Calvey,Brian Cox,Patrick McGoohan,Peter Hanly,Sophie Marceau,Stephen Billington"
78,3 Idiots,"3 Idiots is a movie starring Aamir Khan, Madhavan, and Mona Singh. Two friends are searching for their long lost companion. They revisit their college days and recall the memories of their friend who inspired them to think...","Comedy,Drama",8.3,https://www.imdb.com/video/imdb/vi3086596889,PG-13,"Aamir Khan,Madhavan,Sharman Joshi,Kareena Kapoor,Boman Irani,Omi Vaidya,Mona Singh,Olivier Lafont,Rahul Kumar,Parikshit Sahni,Farida Dadi,Amardeep Jha,Mukund Bhatt,Chaitali Bose,Javed Jaffrey"
79,Das Boot,"Das Boot is a movie starring Jürgen Prochnow, Herbert Grönemeyer, and Klaus Wennemann. The claustrophobic world of a WWII German U-boat; boredom, filth and sheer terror.","Adventure,Drama,Thriller,War",8.3,https://www.imdb.com/video/imdb/vi4153458201,R,"Jürgen Prochnow,Herbert Grönemeyer,Klaus Wennemann,Hubertus Bengsch,Martin Semmelrogge,Bernd Tauber,Erwin Leder,Martin May,Heinz Hoenig,Uwe Ochsenknecht,Claude-Oliver Rudolph,Jan Fedder,Ralf Richter,Joachim Bernhard,Oliver Stritzel"
80,Câu Chuyện Đồ Chơi,"Toy Story is a movie starring Tom Hanks, Tim Allen, and Don Rickles. A cowboy doll is profoundly threatened and jealous when a new spaceman figure supplants him as top toy in a boy's room.","Animation,Adventure,Comedy,Family,Fantasy",8.3,https://www.imdb.com/video/imdb/vi2052129305,G,"Tom Hanks,Tim Allen,Don Rickles,Jim Varney,Wallace Shawn,John Ratzenberger,Annie Potts,John Morris,Erik von Detten,Laurie Metcalf,R. Lee Ermey,Sarah Freeman,Penn Jillette,Jack Angel,Spencer Aste"
81,Capharnaüm,"Capharnaüm is a movie starring Zain Al Rafeea, Yordanos Shiferaw, and Boluwatife Treasure Bankole. While serving a five-year sentence for a violent crime, a 12-year-old boy sues his parents for neglect.",Drama,8.3,https://www.imdb.com/video/imdb/vi1667873305,R,"Zain Al Rafeea,Yordanos Shiferaw,Boluwatife Treasure Bankole,Kawsar Al Haddad,Fadi Yousef,Cedra Izzam,Alaa Chouchnieh,Elias Khoury,Mohammad Al Abdallah,Mohamad Abdellatif,Abdo Abdo,Hampig Abraham,Jamil Ahmad,Mohamad Akkar,Elias Akobegia"
82,Tengoku to jigoku,"Tengoku to jigoku is a movie starring Toshirô Mifune, Yutaka Sada, and Tatsuya Nakadai. An executive of a shoe company becomes a victim of extortion when his chauffeur's son is kidnapped and held for ransom.","Crime,Drama,Mystery,Thriller",8.3,https://www.imdb.com/video/imdb/vi2921184793,Not Rated,"Toshirô Mifune,Tatsuya Nakadai,Kyôko Kagawa,Tatsuya Mihashi,Isao Kimura,Kenjirô Ishiyama,Takeshi Katô,Takashi Shimura,Jun Tazaki,Nobuo Nakamura,Yûnosuke Itô,Tsutomu Yamazaki,Minoru Chiaki,Eijirô Tôno,Masao Shimizu"
83,Amadeus,"Amadeus is a movie starring F. Murray Abraham, Tom Hulce, and Elizabeth Berridge. The life, success and troubles of Wolfgang Amadeus Mozart, as told by Antonio Salieri, the contemporaneous composer who was insanely jealous of...","Biography,Drama,History,Music",8.3,https://www.imdb.com/video/imdb/vi2535496985,R,"F. Murray Abraham,Tom Hulce,Elizabeth Berridge,Roy Dotrice,Simon Callow,Christine Ebersole,Jeffrey Jones,Charles Kay,Kenneth McMillan,Kenny Baker,Lisbeth Bartlett,Barbara Bryne,Martin Cavina,Roderick Cook,Milan Demjanenko"
84,Định Mệnh,"Inglourious Basterds is a movie starring Brad Pitt, Diane Kruger, and Eli Roth. In Nazi-occupied France during World War II, a plan to assassinate Nazi leaders by a group of Jewish U.S. soldiers coincides with a theatre owner's...","Adventure,Drama,War",8.3,https://www.imdb.com/video/imdb/vi3738173977,R,"Brad Pitt,Mélanie Laurent,Christoph Waltz,Eli Roth,Michael Fassbender,Diane Kruger,Daniel Brühl,Til Schweiger,Gedeon Burkhard,Jacky Ido,B.J. Novak,Omar Doom,August Diehl,Denis Ménochet,Sylvester Groth"
85,Star Wars: Episode VI - Return of the Jedi,"Star Wars: Episode VI - Return of the Jedi is a movie starring Mark Hamill, Harrison Ford, and Carrie Fisher. After a daring mission to rescue Han Solo from Jabba the Hutt, the Rebels dispatch to Endor to destroy the second Death...","Action,Adventure,Fantasy,Sci-Fi",8.3,https://www.imdb.com/video/imdb/vi1702936345,PG,"Mark Hamill,Harrison Ford,Carrie Fisher,Billy Dee Williams,Anthony Daniels,Peter Mayhew,Sebastian Shaw,Ian McDiarmid,Frank Oz,James Earl Jones,David Prowse,Alec Guinness,Kenny Baker,Michael Pennington,Kenneth Colley"
86,Cậu Bé Đặc Biệt,"Taare Zameen Par is a movie starring Darsheel Safary, Aamir Khan, and Tisca Chopra. An eight-year-old boy is thought to be a lazy trouble-maker, until the new art teacher has the patience and compassion to discover the real problem...","Drama,Family",8.3,https://www.imdb.com/video/imdb/vi1834943001,PG,"Darsheel Safary,Aamir Khan,Tisca Chopra,Vipin Sharma,Sachet Engineer,Tanay Chheda,Lalitha Lajmi,Girija Oak,Ravi Khanvilkar,Pratima Kulkarni,Meghna Malik,Sonali Sachdev,Sanjay Dadich,Raaj Gopal Iyer,Bugs Bhargava"
87,Good Will Hunting,"Good Will Hunting is a movie starring Robin Williams, Matt Damon, and Ben Affleck. Will Hunting, a janitor at M.I.T., has a gift for mathematics, but needs help from a psychologist to find direction in his life.","Drama,Romance",8.3,https://www.imdb.com/video/imdb/vi1281211929,R,"Matt Damon,Ben Affleck,Stellan Skarsgård,John Mighton,Rachel Majorowski,Colleen McCauley,Casey Affleck,Cole Hauser,Matt Mercier,Ralph St. George,Rob Lynds,Dan Washington,Alison Folland,Derrick Bridgeman,Vik Sahay"
88,Reservoir Dogs,"Reservoir Dogs is a movie starring Harvey Keitel, Tim Roth, and Michael Madsen. When a simple jewelry heist goes horribly wrong, the surviving criminals begin to suspect that one of them is a police informant.","Crime,Drama,Thriller",8.3,https://www.imdb.com/video/imdb/vi3028484377,R,"Harvey Keitel,Tim Roth,Michael Madsen,Chris Penn,Steve Buscemi,Lawrence Tierney,Randy Brooks,Kirk Baltz,Edward Bunker,Quentin Tarantino,Rich Turner,David Steen,Tony Cosmo,Stevo Polyi,Michael Sottile"
89,2001: A Space Odyssey,"2001: A Space Odyssey is a movie starring Keir Dullea, Gary Lockwood, and William Sylvester. After discovering a mysterious artifact buried beneath the Lunar surface, mankind sets off on a quest to find its origins with help from...","Adventure,Sci-Fi",8.3,https://www.imdb.com/video/imdb/vi2674767897,G,"Keir Dullea,Gary Lockwood,William Sylvester,Daniel Richter,Leonard Rossiter,Margaret Tyzack,Robert Beatty,Sean Sullivan,Douglas Rain,Frank Miller,Bill Weston,Ed Bishop,Glenn Beck,Alan Gifford,Ann Gillis"
90,Nguyen Cau Cho Mot Giac Mo,"Requiem for a Dream is a movie starring Ellen Burstyn, Jared Leto, and Jennifer Connelly. The drug-induced utopias of four Coney Island people are shattered when their addictions run deep.",Drama,8.3,https://www.imdb.com/video/imdb/vi2156069145,R,"Ellen Burstyn,Jared Leto,Jennifer Connelly,Marlon Wayans,Christopher McDonald,Louise Lasser,Marcia Jean Kurtz,Janet Sarno,Suzanne Shepherd,Joanne Gordon,Charlotte Aronofsky,Mark Margolis,Michael Kaycheck,Jack O'Connell,Chas Mastin"
91,Vertigo,"Vertigo is a movie starring James Stewart, Kim Novak, and Barbara Bel Geddes. A former police detective juggles wrestling with his personal demons and becoming obsessed with a hauntingly beautiful woman.","Mystery,Romance,Thriller",8.3,https://www.imdb.com/video/imdb/vi216072473,PG,"James Stewart,Kim Novak,Barbara Bel Geddes,Tom Helmore,Henry Jones,Raymond Bailey,Ellen Corby,Konstantin Shayne,Lee Patrick"
92,M - Eine Stadt sucht einen Mörder,"M - Eine Stadt sucht einen Mörder is a movie starring Peter Lorre, Ellen Widmann, and Inge Landgut. When the police in a German city are unable to catch a child-murderer, other criminals join in the manhunt.","Crime,Mystery,Thriller",8.3,https://www.imdb.com/video/imdb/vi605863449,Passed,"Peter Lorre,Ellen Widmann,Inge Landgut,Otto Wernicke,Theodor Loos,Gustaf Gründgens,Friedrich Gnaß,Fritz Odemar,Paul Kemp,Theo Lingen,Rudolf Blümner,Georg John,Franz Stein,Ernst Stahl-Nachbaur,Gerhard Bienert"
93,Tia Nắng Vĩnh Cửu Của Tâm Hồn Tinh Khiết,"Eternal Sunshine of the Spotless Mind is a movie starring Jim Carrey, Kate Winslet, and Tom Wilkinson. When their relationship turns sour, a couple undergoes a medical procedure to have each other erased from their memories.","Drama,Romance,Sci-Fi",8.3,https://www.imdb.com/video/imdb/vi2292515097,R,"Jim Carrey,Kate Winslet,Gerry Robert Byrne,Elijah Wood,Thomas Jay Ryan,Mark Ruffalo,Jane Adams,David Cross,Kirsten Dunst,Tom Wilkinson,Ryan Whitney,Debbon Ayer,Amir Ali Said,Brian Price,Paulie Litt"
94,Cuộc Săn Lùng,"Jagten is a movie starring Mads Mikkelsen, Thomas Bo Larsen, and Annika Wedderkopp. A teacher lives a lonely life, all the while struggling over his son's custody. His life slowly gets better as he finds love and receives good news...",Drama,8.3,https://www.imdb.com/video/imdb/vi2244519449,R,"Mads Mikkelsen,Thomas Bo Larsen,Annika Wedderkopp,Lasse Fogelstrøm,Susse Wold,Anne Louise Hassing,Lars Ranthe,Alexandra Rapaport,Sebastian Bull Sarning,Steen Ordell Guldbrand Jensen,Daniel Engstrup,Troels Thorsen,Søren Rønholt,Hana Shuan,Jytte Kvinesdal"
95,Citizen Kane,"Citizen Kane is a movie starring Orson Welles, Joseph Cotten, and Dorothy Comingore. Following the death of publishing tycoon Charles Foster Kane, reporters scramble to uncover the meaning of his final utterance; 'Rosebud'.","Drama,Mystery",8.3,https://www.imdb.com/video/imdb/vi568630553,PG,"Joseph Cotten,Dorothy Comingore,Agnes Moorehead,Ruth Warrick,Ray Collins,Erskine Sanford,Everett Sloane,William Alland,Paul Stewart,George Coulouris,Fortunio Bonanova,Gus Schilling,Philip Van Zandt,Georgia Backus,Harry Shannon"
96,Dangal,"Dangal is a movie starring Aamir Khan, Sakshi Tanwar, and Fatima Sana Shaikh. Former wrestler Mahavir Singh Phogat and his two wrestler daughters struggle towards glory at the Commonwealth Games in the face of societal oppression.","Action,Biography,Drama,Sport",8.3,https://www.imdb.com/video/imdb/vi2094904857,Not Rated,"Aamir Khan,Fatima Sana Shaikh,Sanya Malhotra,Sakshi Tanwar,Aparshakti Khurana,Zaira Wasim,Suhani Bhatnagar,Ritvik Sahore,Girish Kulkarni,Ravi Aneja,Anurag Arora,Mahesh Balraj,Vivan Bhatena,Anmol Charan,Karamveer Choudhary"
97,Full Metal Jacket,"Full Metal Jacket is a movie starring Matthew Modine, R. Lee Ermey, and Vincent D'Onofrio. A pragmatic U.S. Marine observes the dehumanizing effects the Vietnam War has on his fellow recruits from their brutal boot camp training to...","Drama,War",8.2,https://www.imdb.com/video/imdb/vi3225663513,R,"Matthew Modine,Adam Baldwin,Vincent D'Onofrio,R. Lee Ermey,Dorian Harewood,Kevyn Major Howard,Arliss Howard,Ed O'Ross,John Terry,Kieron Jecchinis,Kirk Taylor,Tim Colceri,Jon Stafford,Bruce Boa,Ian Tyler"
98,Ladri di biciclette,"Ladri di biciclette is a movie starring Lamberto Maggiorani, Enzo Staiola, and Lianella Carell. In post-war Italy, a working-class man's bicycle is stolen. He and his son set out to find it.",Drama,8.2,https://www.imdb.com/video/imdb/vi36354073,Not Rated,"Lamberto Maggiorani,Enzo Staiola,Lianella Carell,Elena Altieri,Gino Saltamerenda,Giulio Chiari,Vittorio Antonucci,Michele Sakara,Fausto Guerzoni,Emma Druetti,Carlo Jachino"
99,1917,"1917 is a movie starring Dean-Charles Chapman, George MacKay, and Daniel Mays. April 6th, 1917. As a regiment assembles to wage war deep in enemy territory, two soldiers are assigned to race against time and deliver a message that...","Drama,War",8.2,https://www.imdb.com/video/imdb/vi4095655705,R,"Dean-Charles Chapman,George MacKay,Daniel Mays,Colin Firth,Pip Carter,Andy Apollo,Paul Tinto,Josef Davies,Billy Postlethwaite,Gabriel Akuwudike,Andrew Scott,Spike Leighton,Robert Maaser,Gerran Howell,Adam Hugill"
